"Source Url","Url","Column 4","Column 5","Column 6","Column 7","Column 8","Column 9","Column 10","Column 11","Column 12","Column 13","Column 14"
"https://www.pcmag.com/picks/the-best-2-in-1-convertible-and-hybrid-laptops","https://cc.pcmag.com/v1/otc/01r1WRIAJykbQgN4oGQ8FSi?merchant=05kie42h3YvHwjr4G1w80Qq&url=https%3A%2F%2Fwww.amazon.com%2FAcer-714-Chromebook-Touchscreen-Extension%2Fdp%2FB0BVMFDT2H&template=roundup-page&module=Best_Product_Card&element=roundup-product-card&item=buy-button&position=5&element_label=See+It&u=https%3A%2F%2Fwww.pcmag.com%2Fpicks%2Fthe-best-2-in-1-convertible-and-hybrid-laptops&cd2=Roundup&object_type=review&object_uuid=06YCJAv8decvYWinoxdVnEr&product_uuid=014wJDyxtai801bQ3qbzMMD","#SoldBy:Amazon","#ListPrice:$679.00","#Price:$679.00","See It;(Opens in a new window)","","","","","","",""
"https://www.pcmag.com/picks/the-best-2-in-1-convertible-and-hybrid-laptops","https://cc.pcmag.com/v1/otc/01r1WRIAJykbQgN4oGQ8FSi?merchant=07ceq7iAfFfRlRYt8DCvPYM&url=https%3A%2F%2Fwww.bestbuy.com%2Fsite%2F6507836.p%3FskuId%3D6507836&template=roundup-page&module=Best_Product_Card&element=roundup-product-card&item=buy-button&position=5&element_label=See+It&u=https%3A%2F%2Fwww.pcmag.com%2Fpicks%2Fthe-best-2-in-1-convertible-and-hybrid-laptops&cd2=Roundup&object_type=review&object_uuid=06YCJAv8decvYWinoxdVnEr&product_uuid=014wJDyxtai801bQ3qbzMMD","#SoldBy:Best Buy","#ListPrice:$729.00","#Price:$499.00","See It;(Opens in a new window)","","","","","","",""
"https://www.pcmag.com/picks/the-best-2-in-1-convertible-and-hybrid-laptops","https://cc.pcmag.com/v1/otc/01r1WRIAJykbQgN4oGQ8FSi?merchant=02zLDwCqTbhlnKCTPdI0yqf&url=https%3A%2F%2Fwww.walmart.com%2Fip%2F1673236460&template=roundup-page&module=Best_Product_Card&element=roundup-product-card&item=buy-button&position=5&element_label=See+It&u=https%3A%2F%2Fwww.pcmag.com%2Fpicks%2Fthe-best-2-in-1-convertible-and-hybrid-laptops&cd2=Roundup&object_type=review&object_uuid=06YCJAv8decvYWinoxdVnEr&product_uuid=014wJDyxtai801bQ3qbzMMD","#SoldBy:Walmart","#ListPrice:$924.99","#Price:$635.99","See It;(Opens in a new window)","","","","","","",""

"https://www.pcmag.com/picks/the-best-2-in-1-convertible-and-hybrid-laptops","","Lenovo IdeaPad Flex 5i 14-Inch (2022) Image;Lenovo IdeaPad Flex 5i 14-Inch (2022);See It;$729.99;at Lenovo;(Opens in a new window)","Lenovo IdeaPad Windows Duet 5i Image;Lenovo IdeaPad Windows Duet 5i;See It;$529.99;at Lenovo;(Opens in a new window)","HP Spectre x360 13.5 (2022) Image;HP Spectre x360 13.5 (2022);See It;$999.99;at HP;(Opens in a new window)","Lenovo Yoga 7i 14 Gen 7 (2022) Image;Lenovo Yoga 7i 14 Gen 7 (2022);See It;$1,149.00;at Amazon;(Opens in a new window)","Acer Chromebook Spin 714 Image;Acer Chromebook Spin 714;See It;$679.00;at Amazon;(Opens in a new window)","Lenovo IdeaPad Duet 3 Chromebook Image;Lenovo IdeaPad Duet 3 Chromebook;See It;$379.00;at Lenovo;(Opens in a new window)","HP Elite Dragonfly Chromebook Image;HP Elite Dragonfly Chromebook;See It;$1149.00 - Get 20% off with code CHROME20;at HP;(Opens in a new window)","Dell Latitude 9330 2-in-1 Image;Dell Latitude 9330 2-in-1;See It;$2,049.00;at Dell;(Opens in a new window)","HP Dragonfly Folio G3 Image;HP Dragonfly Folio G3;See It;$2,379.00;at HP;(Opens in a new window)","Microsoft Surface Laptop Studio Image;Microsoft Surface Laptop Studio;See It;$2,253.54;at Amazon;(Opens in a new window)","Panasonic Toughbook 33 (2021) Image;Panasonic Toughbook 33 (2021);See It;$1,099.00;at Amazon;(Opens in a new window)"
"https://www.pcmag.com/picks/the-best-2-in-1-convertible-and-hybrid-laptops","","#EditorsRating:Editors' Choice;4.0;Editor Review","#EditorsRating:4.0;Editor Review","#EditorsRating:Editors' Choice;4.0;Editor Review","#EditorsRating:Editors' Choice;4.0;Editor Review","#EditorsRating:Editors' Choice;4.5;Editor Review","#EditorsRating:3.5;Editor Review","#EditorsRating:Editors' Choice;4.0;Editor Review","#EditorsRating:4.0;Editor Review","#EditorsRating:Editors' Choice;4.0;Editor Review","#EditorsRating:4.0;Editor Review","#EditorsRating:4.0;Editor Review"
"https://www.pcmag.com/picks/the-best-2-in-1-convertible-and-hybrid-laptops","","#LaptopClass:Convertible 2-in-1, Ultraportable","#LaptopClass:Convertible 2-in-1","#LaptopClass:Detachable 2-in-1","#LaptopClass:Convertible 2-in-1","#LaptopClass:Chromebook","#LaptopClass:Chromebook, Detachable 2-in-1","#LaptopClass:Chromebook, Business, Convertible 2-in-1","#LaptopClass:Business, Convertible 2-in-1","#LaptopClass:Convertible 2-in-1, Business","#LaptopClass:Convertible 2-in-1","#LaptopClass:Rugged, Detachable 2-in-1"
"https://www.pcmag.com/picks/the-best-2-in-1-convertible-and-hybrid-laptops","","#Processor:Intel Core i7-1255U","#Processor:Intel Core i5-1235U","#Processor:Intel Core i3-1215U","#Processor:Intel Core i7-1255U","#Processor:Intel Core i5-1235U","#Processor:Qualcomm Snapdragon 7c Gen 2","#Processor:Intel Core i5-1245U","#Processor:Intel Core i7-1260U","#Processor:Intel Core i7-1265U","#Processor:Intel Core i7-11370H","#Processor:Intel Core i5-10310U"
"https://www.pcmag.com/picks/the-best-2-in-1-convertible-and-hybrid-laptops","","#ProcessorSpeed:","#ProcessorSpeed:","#ProcessorSpeed:","#ProcessorSpeed:","#ProcessorSpeed:","#ProcessorSpeed:2.55 GHz","#ProcessorSpeed:","#ProcessorSpeed:","#ProcessorSpeed:","#ProcessorSpeed:3.3 GHz","#ProcessorSpeed:1.7 GHz"
"https://www.pcmag.com/picks/the-best-2-in-1-convertible-and-hybrid-laptops","","#RamAsTested:16 GB","#RamAsTested:16 GB","#RamAsTested:8 GB","#RamAsTested:16 GB","#RamAsTested:8 GB","#RamAsTested:4 GB","#RamAsTested:8 GB","#RamAsTested:16 GB","#RamAsTested:16 GB","#RamAsTested:32 GB","#RamAsTested:16 GB"
"https://www.pcmag.com/picks/the-best-2-in-1-convertible-and-hybrid-laptops","","#BootDriveType:SSD","#BootDriveType:SSD","#BootDriveType:SSD","#BootDriveType:SSD","#BootDriveType:SSD","#BootDriveType:eMMC Flash Memory","#BootDriveType:SSD","#BootDriveType:SSD","#BootDriveType:SSD","#BootDriveType:SSD","#BootDriveType:SSD"
"https://www.pcmag.com/picks/the-best-2-in-1-convertible-and-hybrid-laptops","","#BootDriveCapacityAsTested:512 GB","#BootDriveCapacityAsTested:512 GB","#BootDriveCapacityAsTested:128 GB","#BootDriveCapacityAsTested:1 TB","#BootDriveCapacityAsTested:256 GB","#BootDriveCapacityAsTested:64 GB","#BootDriveCapacityAsTested:256 GB","#BootDriveCapacityAsTested:512 GB","#BootDriveCapacityAsTested:512 GB","#BootDriveCapacityAsTested:1 TB","#BootDriveCapacityAsTested:512 GB"
"https://www.pcmag.com/picks/the-best-2-in-1-convertible-and-hybrid-laptops","","#ScreenSize:14 inches","#ScreenSize:14 inches","#ScreenSize:12.35 inches","#ScreenSize:13.5 inches","#ScreenSize:14 inches","#ScreenSize:10.95 inches","#ScreenSize:13.5 inches","#ScreenSize:13.3 inches","#ScreenSize:13.5 inches","#ScreenSize:14.4 inches","#ScreenSize:12 inches"
"https://www.pcmag.com/picks/the-best-2-in-1-convertible-and-hybrid-laptops","","#NativeDisplayResolution:2240 by 1400","#NativeDisplayResolution:1920 by 1200","#NativeDisplayResolution:2560 by 1600","#NativeDisplayResolution:3000 by 2000","#NativeDisplayResolution:1920 by 1200","#NativeDisplayResolution:2000 by 1200","#NativeDisplayResolution:2,256 by 1,504","#NativeDisplayResolution:2560 by 1600","#NativeDisplayResolution:1,920 by 1,280","#NativeDisplayResolution:2400 by 1600","#NativeDisplayResolution:2160 by 1440"
"https://www.pcmag.com/picks/the-best-2-in-1-convertible-and-hybrid-laptops","","#TouchScreen:","#TouchScreen:","#TouchScreen:","#TouchScreen:","#TouchScreen:","#TouchScreen:","#TouchScreen:","#TouchScreen:","#TouchScreen:","#TouchScreen:","#TouchScreen:"
"https://www.pcmag.com/picks/the-best-2-in-1-convertible-and-hybrid-laptops","","#PanelTechnology:IPS","#PanelTechnology:IPS","#PanelTechnology:LTPS","#PanelTechnology:OLED","#PanelTechnology:IPS","#PanelTechnology:IPS","#PanelTechnology:IPS","#PanelTechnology:IPS","#PanelTechnology:IPS","#PanelTechnology:IPS","#PanelTechnology:IPS"
"https://www.pcmag.com/picks/the-best-2-in-1-convertible-and-hybrid-laptops","","#VariableRefreshSupport:None","#VariableRefreshSupport:None","#VariableRefreshSupport:None","#VariableRefreshSupport:None","#VariableRefreshSupport:None","#VariableRefreshSupport:None","#VariableRefreshSupport:None","#VariableRefreshSupport:None","#VariableRefreshSupport:None","#VariableRefreshSupport:None","#VariableRefreshSupport:None"
"https://www.pcmag.com/picks/the-best-2-in-1-convertible-and-hybrid-laptops","","#ScreenRefreshRate:60 Hz","#ScreenRefreshRate:60 Hz","#ScreenRefreshRate:60 Hz","#ScreenRefreshRate:60 Hz","#ScreenRefreshRate:60 Hz","#ScreenRefreshRate:60 Hz","#ScreenRefreshRate:60 Hz","#ScreenRefreshRate:60 Hz","#ScreenRefreshRate:60 Hz","#ScreenRefreshRate:120 Hz","#ScreenRefreshRate:60 Hz"
"https://www.pcmag.com/picks/the-best-2-in-1-convertible-and-hybrid-laptops","","#GraphicsProcessor:Intel Iris Xe Graphics","#GraphicsProcessor:Intel Iris Xe Graphics","#GraphicsProcessor:Intel UHD Graphics","#GraphicsProcessor:Intel Iris Xe Graphics","#GraphicsProcessor:Intel Iris Xe Graphics","#GraphicsProcessor:Qualcomm Adreno GPU","#GraphicsProcessor:Intel Iris Xe Graphics","#GraphicsProcessor:Intel Iris Xe Graphics","#GraphicsProcessor:Intel Iris Xe Graphics","#GraphicsProcessor:Nvidia GeForce RTX 3050 Ti Laptop GPU","#GraphicsProcessor:Intel UHD Graphics"
"https://www.pcmag.com/picks/the-best-2-in-1-convertible-and-hybrid-laptops","","#GraphicsMemory:","#GraphicsMemory:","#GraphicsMemory:","#GraphicsMemory:","#GraphicsMemory:","#GraphicsMemory:","#GraphicsMemory:","#GraphicsMemory:","#GraphicsMemory:","#GraphicsMemory:4 GB","#GraphicsMemory:"
"https://www.pcmag.com/picks/the-best-2-in-1-convertible-and-hybrid-laptops","","#WirelessNetworking:Wi-Fi 6E, Bluetooth 5.2","#WirelessNetworking:Bluetooth, 802.11ax (Wi-Fi 6)","#WirelessNetworking:Wi-Fi 6E","#WirelessNetworking:Wi-Fi 6E, Bluetooth","#WirelessNetworking:Bluetooth, 802.11ax (Wi-Fi 6)","#WirelessNetworking:802.11ac","#WirelessNetworking:Wi-Fi 6E, Bluetooth","#WirelessNetworking:Wi-Fi 6E, Bluetooth","#WirelessNetworking:Wi-Fi 6E","#WirelessNetworking:Bluetooth, 802.11ax (Wi-Fi 6)","#WirelessNetworking:802.11ax (Wi-Fi 6), Bluetooth"
"https://www.pcmag.com/picks/the-best-2-in-1-convertible-and-hybrid-laptops","","#DimensionsHwd:0.68 by 12.47 by 8.67 inches","#DimensionsHwd:0.69 by 12.3 by 8.9 inches","#DimensionsHwd:0.35 by 11.22 by 7.36 inches","#DimensionsHwd:0.67 by 11.7 by 8.7 inches","#DimensionsHwd:0.71 by 12.3 by 8.8 inches","#DimensionsHwd:10.15 by 6.47 by 0.31 inches","#DimensionsHwd:0.65 by 11.6 by 8.7 inches","#DimensionsHwd:0.55 by 11.7 by 8.2 inches","#DimensionsHwd:0.7 by 11.7 by 9.2 inches","#DimensionsHwd:0.75 by 12.72 by 8.98 inches","#DimensionsHwd:1.8 by 11.4 by 12.3 inches"
"https://www.pcmag.com/picks/the-best-2-in-1-convertible-and-hybrid-laptops","","#Weight:3.2 lbs","#Weight:3.31 lbs","#Weight:2.53 lbs","#Weight:3.01 lbs","#Weight:3.09 lbs","#Weight:2.09 lbs","#Weight:2.8 lbs","#Weight:2.8 lbs","#Weight:3.09 lbs","#Weight:4 lbs","#Weight:6.1 lbs"
"https://www.pcmag.com/picks/the-best-2-in-1-convertible-and-hybrid-laptops","","#OperatingSystem:Windows 11 Home","#OperatingSystem:Windows 11 Home","#OperatingSystem:Windows 11","#OperatingSystem:Windows 11 Pro","#OperatingSystem:Chrome OS","#OperatingSystem:Chrome OS","#OperatingSystem:Google Chrome OS","#OperatingSystem:Windows 11 Pro","#OperatingSystem:Windows 11 Pro","#OperatingSystem:Windows 11","#OperatingSystem:Windows 10 Pro"
"https://www.pcmag.com/picks/the-best-2-in-1-convertible-and-hybrid-laptops","","#TestedBatteryLifeHoursMinutes:13:59","#TestedBatteryLifeHoursMinutes:10:36","#TestedBatteryLifeHoursMinutes:8:25","#TestedBatteryLifeHoursMinutes:15:10","#TestedBatteryLifeHoursMinutes:12:52","#TestedBatteryLifeHoursMinutes:6:01","#TestedBatteryLifeHoursMinutes:10:32","#TestedBatteryLifeHoursMinutes:12:21","#TestedBatteryLifeHoursMinutes:12:07","#TestedBatteryLifeHoursMinutes:14:01","#TestedBatteryLifeHoursMinutes:8:28"
"https://www.pcmag.com/picks/the-best-2-in-1-convertible-and-hybrid-laptops","","#WhereToBuy:$1,149.00;at Amazon;(Opens in a new window);$854.99;at Lenovo;(Opens in a new window)","#WhereToBuy:$729.99;at Lenovo;(Opens in a new window)","#WhereToBuy:$529.99;at Lenovo;(Opens in a new window)","#WhereToBuy:$999.99;at HP;(Opens in a new window)","#WhereToBuy:$679.00;at Amazon;(Opens in a new window);$499.00;at Best Buy;(Opens in a new window)","#WhereToBuy:$379.00;at Lenovo;(Opens in a new window);$379.00;at Best Buy;(Opens in a new window)","#WhereToBuy:$1149.00 - Get 20% off with code CHROME20;at HP;(Opens in a new window)","#WhereToBuy:$2,049.00;at Dell;(Opens in a new window)","#WhereToBuy:$2,379.00;at HP;(Opens in a new window)","#WhereToBuy:$2,253.54;at Amazon;(Opens in a new window);$1,599.99;at Microsoft Store;(Opens in a new window)","#WhereToBuy:$1,099.00;at Amazon;(Opens in a new window);$3,439.50;at B&H Photo Video;(Opens in a new window)"
