"Source Url","Url","Column 4","Column 5","Column 6","Column 7","Column 8","Column 9","Column 10","Column 11","Column 12","Column 13","Column 14","Column 15"
"https://www.pcmag.com/picks/the-best-business-laptops","https://cc.pcmag.com/v1/otc/01r1WRIAJykbQgN4oGQ8FSi?merchant=053mLh2CqQ87B6COi2cD2og&url=https%3A%2F%2Fwww.hp.com%2Fus-en%2Fshop%2Fpdp%2Fhp-zbook-firefly-15-g8-mobile-workstation-customizable-1g3t8av-mb&template=roundup-page&module=Best_Product_Card&element=roundup-product-card&item=buy-button&position=5&element_label=See+It&u=https%3A%2F%2Fwww.pcmag.com%2Fpicks%2Fthe-best-business-laptops&cd2=Roundup&object_type=review&object_uuid=03a1wVamATiIMFuL5ZWC49M&product_uuid=04xpd8dJrYC5aRO6MyPzuwV","#SoldBy:HP","#ListPrice:$2,290.00","#Price:$1,374.00","See It;(Opens in a new window)","","","","","","","",""
"https://www.pcmag.com/picks/the-best-business-laptops","https://cc.pcmag.com/v1/otc/01r1WRIAJykbQgN4oGQ8FSi?merchant=05kie42h3YvHwjr4G1w80Qq&url=https%3A%2F%2Fwww.amazon.com%2FHP-Workstation-i7-1165G7-1920x1080-Fingerprint%2Fdp%2FB09GNY9L22&template=roundup-page&module=Best_Product_Card&element=roundup-product-card&item=buy-button&position=5&element_label=See+It&u=https%3A%2F%2Fwww.pcmag.com%2Fpicks%2Fthe-best-business-laptops&cd2=Roundup&object_type=review&object_uuid=03a1wVamATiIMFuL5ZWC49M&product_uuid=04xpd8dJrYC5aRO6MyPzuwV","#SoldBy:Amazon","#ListPrice:$2,059.00","#Price:$1,850.00","See It;(Opens in a new window)","","","","","","","",""
"https://www.pcmag.com/picks/the-best-business-laptops","https://cc.pcmag.com/v1/otc/01r1WRIAJykbQgN4oGQ8FSi?merchant=02zLDwCqTbhlnKCTPdI0yqf&url=https%3A%2F%2Fwww.walmart.com%2Fip%2FHP-ZBook-Firefly-14-G8-14-Mobile-Workstation-Intel-Core-i5-1135G7-16-GB-DDR4-RAM-256-GB-SSD-Windows-10-Pro-64-3V365UT-ABA%2F720066875&template=roundup-page&module=Best_Product_Card&element=roundup-product-card&item=buy-button&position=5&element_label=Check+Stock&u=https%3A%2F%2Fwww.pcmag.com%2Fpicks%2Fthe-best-business-laptops&cd2=Roundup&object_type=review&object_uuid=03a1wVamATiIMFuL5ZWC49M&product_uuid=04xpd8dJrYC5aRO6MyPzuwV","#SoldBy:Walmart","#ListPrice:$1,479.00","#Price:$1,405.95","Check Stock;(Opens in a new window)","","","","","","","",""
"https://www.pcmag.com/picks/the-best-business-laptops","https://cc.pcmag.com/v1/otc/01r1WRIAJykbQgN4oGQ8FSi?merchant=05kie42h3YvHwjr4G1w80Qq&url=https%3A%2F%2Fwww.amazon.com%2FMicrosoft-Surface-Pro-8-13-Touchscreen%2Fdp%2FB09DKJKS4T&template=roundup-page&module=Best_Product_Card&element=roundup-product-card&item=buy-button&position=10&element_label=See+It&u=https%3A%2F%2Fwww.pcmag.com%2Fpicks%2Fthe-best-business-laptops&cd2=Roundup&object_type=review&object_uuid=01OQN7sePUgsfxPSDKD4n0G&product_uuid=06EhpyfEKk8y69IGkPZLuEE","#SoldBy:Amazon","#ListPrice:$1,199.99","#Price:$849.99","See It;(Opens in a new window)","","","","","","","",""
"https://www.pcmag.com/picks/the-best-business-laptops","https://cc.pcmag.com/v1/otc/01r1WRIAJykbQgN4oGQ8FSi?merchant=03sqIMHtmmaHBjsncmFUGPt&url=https%3A%2F%2Fwww.microsoft.com%2Fen-us%2Fd%2Fsurface-pro-8%2F8qwcrtq8v8xg&template=roundup-page&module=Best_Product_Card&element=roundup-product-card&item=buy-button&position=10&element_label=See+It&u=https%3A%2F%2Fwww.pcmag.com%2Fpicks%2Fthe-best-business-laptops&cd2=Roundup&object_type=review&object_uuid=01OQN7sePUgsfxPSDKD4n0G&product_uuid=06EhpyfEKk8y69IGkPZLuEE","#SoldBy:Microsoft Store","#ListPrice:$899.99","#Price:$899.99","See It;(Opens in a new window)","","","","","","","",""
"https://www.pcmag.com/picks/the-best-business-laptops","https://cc.pcmag.com/v1/otc/01r1WRIAJykbQgN4oGQ8FSi?merchant=07ceq7iAfFfRlRYt8DCvPYM&url=https%3A%2F%2Fwww.bestbuy.com%2Fsite%2Fmicrosoft-surface-pro-8-13-touch-screen-intel-evo-platform-core-i5-8gb-memory-128gb-ssd-device-only-latest-model-platinum%2F6477094.p%3FskuId%3D6477094&template=roundup-page&module=Best_Product_Card&element=roundup-product-card&item=buy-button&position=10&element_label=Check+Stock&u=https%3A%2F%2Fwww.pcmag.com%2Fpicks%2Fthe-best-business-laptops&cd2=Roundup&object_type=review&object_uuid=01OQN7sePUgsfxPSDKD4n0G&product_uuid=06EhpyfEKk8y69IGkPZLuEE","#SoldBy:Best Buy","#ListPrice:$1,099.99","#Price:$550.99","Check Stock;(Opens in a new window)","","","","","","","",""
"https://www.pcmag.com/picks/the-best-business-laptops","","Apple MacBook Pro 13-Inch (2022, M2) Image;Apple MacBook Pro 13-Inch (2022, M2);See It;$1,199.00;at Amazon;(Opens in a new window)","Apple MacBook Pro 16-Inch (2023, M2 Max) Image;Apple MacBook Pro 16-Inch (2023, M2 Max);See It;$2,499.00;at Apple.com;(Opens in a new window)","Lenovo ThinkPad P16 Gen 1 Image;Lenovo ThinkPad P16 Gen 1;See It;$1,475.10;at Lenovo;(Opens in a new window)","Lenovo ThinkPad X1 Carbon Gen 10 (2022) Image;Lenovo ThinkPad X1 Carbon Gen 10 (2022);See It;$1,579.00;at Amazon;(Opens in a new window)","HP ZBook Firefly 15 G8 Image;HP ZBook Firefly 15 G8;See It;$1,374.00;at HP;(Opens in a new window)","Lenovo ThinkPad Z13 Image;Lenovo ThinkPad Z13;See It;$1,034.50;at Lenovo;(Opens in a new window)","HP Dragonfly Folio G3 Image;HP Dragonfly Folio G3;See It;$2,379.00;at HP;(Opens in a new window)","Dell Latitude 7420 Image;Dell Latitude 7420;See It;$1,359.00;at Dell;(Opens in a new window)","Lenovo ThinkBook 14s Yoga Gen 2 Image;Lenovo ThinkBook 14s Yoga Gen 2;See It;$840.00;at Lenovo;(Opens in a new window)","Microsoft Surface Pro 8 Image;Microsoft Surface Pro 8;See It;$849.99;at Amazon;(Opens in a new window)","Dell Latitude 5430 Rugged Image;Dell Latitude 5430 Rugged;See It;$1,709.00;at Dell;(Opens in a new window)","HP Elite Dragonfly Chromebook Image;HP Elite Dragonfly Chromebook;See It;$1149.00 - Get 20% off with code CHROME20;at HP;(Opens in a new window)"
"https://www.pcmag.com/picks/the-best-business-laptops","","#EditorsRating:Editors' Choice;5.0;Editor Review","#EditorsRating:4.0;Editor Review","#EditorsRating:Editors' Choice;5.0;Editor Review","#EditorsRating:Editors' Choice;4.5;Editor Review","#EditorsRating:Editors' Choice;4.0;Editor Review","#EditorsRating:Editors' Choice;4.5;Editor Review","#EditorsRating:Editors' Choice;4.0;Editor Review","#EditorsRating:Editors' Choice;4.0;Editor Review","#EditorsRating:3.5;Editor Review","#EditorsRating:Editors' Choice;4.0;Editor Review","#EditorsRating:4.0;Editor Review","#EditorsRating:Editors' Choice;4.0;Editor Review"
"https://www.pcmag.com/picks/the-best-business-laptops","","#LaptopClass:Business, Ultraportable","#LaptopClass:Ultraportable","#LaptopClass:Business, Workstation","#LaptopClass:Workstation, Business, Desktop Replacement","#LaptopClass:Workstation","#LaptopClass:Ultraportable","#LaptopClass:Convertible 2-in-1, Business","#LaptopClass:Business, Ultraportable","#LaptopClass:Convertible 2-in-1, Business","#LaptopClass:Detachable 2-in-1","#LaptopClass:Rugged","#LaptopClass:Chromebook, Business, Convertible 2-in-1"
"https://www.pcmag.com/picks/the-best-business-laptops","","#Processor:Intel Core i7-1260P","#Processor:Apple M2","#Processor:Apple M2 Max","#Processor:Intel Core i9-12950HX","#Processor:Intel Core i7-1185G7","#Processor:AMD Ryzen 7 Pro 6850U","#Processor:Intel Core i7-1265U","#Processor:Intel Core i7-1185G7","#Processor:Intel Core i7-1255U","#Processor:Intel Core i7-1185G7","#Processor:Intel Core i7-1185G7","#Processor:Intel Core i5-1245U"
"https://www.pcmag.com/picks/the-best-business-laptops","","#ProcessorSpeed:","#ProcessorSpeed:","#ProcessorSpeed:","#ProcessorSpeed:","#ProcessorSpeed:3 GHz","#ProcessorSpeed:2.7 GHz","#ProcessorSpeed:","#ProcessorSpeed:3 GHz","#ProcessorSpeed:","#ProcessorSpeed:3 GHz","#ProcessorSpeed:3 GHz","#ProcessorSpeed:"
"https://www.pcmag.com/picks/the-best-business-laptops","","#RamAsTested:16 GB","#RamAsTested:16 GB","#RamAsTested:96 GB","#RamAsTested:64 GB","#RamAsTested:32 GB","#RamAsTested:16 GB","#RamAsTested:16 GB","#RamAsTested:16 GB","#RamAsTested:16 GB","#RamAsTested:16 GB","#RamAsTested:16 GB","#RamAsTested:8 GB"
"https://www.pcmag.com/picks/the-best-business-laptops","","#BootDriveType:SSD","#BootDriveType:SSD","#BootDriveType:SSD","#BootDriveType:SSD","#BootDriveType:SSD","#BootDriveType:SSD","#BootDriveType:SSD","#BootDriveType:SSD","#BootDriveType:SSD","#BootDriveType:SSD","#BootDriveType:SSD","#BootDriveType:SSD"
"https://www.pcmag.com/picks/the-best-business-laptops","","#BootDriveCapacityAsTested:512 GB","#BootDriveCapacityAsTested:1 TB","#BootDriveCapacityAsTested:4 TB","#BootDriveCapacityAsTested:2 TB","#BootDriveCapacityAsTested:512 GB","#BootDriveCapacityAsTested:512 GB","#BootDriveCapacityAsTested:512 GB","#BootDriveCapacityAsTested:256 GB","#BootDriveCapacityAsTested:512 GB","#BootDriveCapacityAsTested:256 GB","#BootDriveCapacityAsTested:512 GB","#BootDriveCapacityAsTested:256 GB"
"https://www.pcmag.com/picks/the-best-business-laptops","","#ScreenSize:14 inches","#ScreenSize:13.3 inches","#ScreenSize:16.2 inches","#ScreenSize:16 inches","#ScreenSize:15.6 inches","#ScreenSize:13.3 inches","#ScreenSize:13.5 inches","#ScreenSize:14 inches","#ScreenSize:14 inches","#ScreenSize:13 inches","#ScreenSize:14 inches","#ScreenSize:13.5 inches"
"https://www.pcmag.com/picks/the-best-business-laptops","","#NativeDisplayResolution:1920 by 1200","#NativeDisplayResolution:2560 by 1600","#NativeDisplayResolution:3456 by 2234","#NativeDisplayResolution:3840 by 2400","#NativeDisplayResolution:3840 by 2160","#NativeDisplayResolution:1920 by 1200","#NativeDisplayResolution:1,920 by 1,280","#NativeDisplayResolution:1,920 by 1,080","#NativeDisplayResolution:1920 by 1080","#NativeDisplayResolution:2880 by 1920","#NativeDisplayResolution:1,920 by 1,080","#NativeDisplayResolution:2,256 by 1,504"
"https://www.pcmag.com/picks/the-best-business-laptops","","#TouchScreen:","#TouchScreen:","#TouchScreen:","#TouchScreen:","#TouchScreen:","#TouchScreen:","#TouchScreen:","#TouchScreen:","#TouchScreen:","#TouchScreen:","#TouchScreen:","#TouchScreen:"
"https://www.pcmag.com/picks/the-best-business-laptops","","#PanelTechnology:IPS","#PanelTechnology:IPS","#PanelTechnology:Mini LED","#PanelTechnology:IPS","#PanelTechnology:IPS","#PanelTechnology:IPS","#PanelTechnology:IPS","#PanelTechnology:IPS","#PanelTechnology:IPS","#PanelTechnology:IPS","#PanelTechnology:IPS","#PanelTechnology:IPS"
"https://www.pcmag.com/picks/the-best-business-laptops","","#VariableRefreshSupport:None","#VariableRefreshSupport:","#VariableRefreshSupport:ProMotion","#VariableRefreshSupport:None","#VariableRefreshSupport:None","#VariableRefreshSupport:None","#VariableRefreshSupport:None","#VariableRefreshSupport:None","#VariableRefreshSupport:None","#VariableRefreshSupport:None","#VariableRefreshSupport:None","#VariableRefreshSupport:None"
"https://www.pcmag.com/picks/the-best-business-laptops","","#ScreenRefreshRate:60 Hz","#ScreenRefreshRate:60 Hz","#ScreenRefreshRate:120 Hz","#ScreenRefreshRate:60 Hz","#ScreenRefreshRate:60 Hz","#ScreenRefreshRate:60 Hz","#ScreenRefreshRate:60 Hz","#ScreenRefreshRate:60 Hz","#ScreenRefreshRate:60 Hz","#ScreenRefreshRate:120 Hz","#ScreenRefreshRate:60 Hz","#ScreenRefreshRate:60 Hz"
"https://www.pcmag.com/picks/the-best-business-laptops","","#GraphicsProcessor:Intel Iris Xe Graphics","#GraphicsProcessor:Apple M2","#GraphicsProcessor:Apple M2 Max (38-core)","#GraphicsProcessor:Nvidia RTX A5500","#GraphicsProcessor:Nvidia Quadro T500","#GraphicsProcessor:AMD Radeon 680M","#GraphicsProcessor:Intel Iris Xe Graphics","#GraphicsProcessor:Intel Iris Xe","#GraphicsProcessor:Intel Iris Xe Graphics","#GraphicsProcessor:Intel Iris Xe","#GraphicsProcessor:Intel Iris Xe","#GraphicsProcessor:Intel Iris Xe Graphics"
"https://www.pcmag.com/picks/the-best-business-laptops","","#GraphicsMemory:","#GraphicsMemory:","#GraphicsMemory:","#GraphicsMemory:16 GB","#GraphicsMemory:4 GB","#GraphicsMemory:","#GraphicsMemory:","#GraphicsMemory:","#GraphicsMemory:","#GraphicsMemory:","#GraphicsMemory:","#GraphicsMemory:"
"https://www.pcmag.com/picks/the-best-business-laptops","","#WirelessNetworking:Wi-Fi 6E, Bluetooth","#WirelessNetworking:802.11ax (Wi-Fi 6), Bluetooth","#WirelessNetworking:Wi-Fi 6E, Bluetooth 5.3","#WirelessNetworking:Wi-Fi 6E, Bluetooth","#WirelessNetworking:802.11ax, Bluetooth, 5G","#WirelessNetworking:Wi-Fi 6E, Bluetooth 5.2","#WirelessNetworking:Wi-Fi 6E","#WirelessNetworking:802.11ax, Bluetooth","#WirelessNetworking:802.11ax (Wi-Fi 6), Bluetooth","#WirelessNetworking:802.11ax (Wi-Fi 6), Bluetooth","#WirelessNetworking:Wi-Fi 6E, Bluetooth","#WirelessNetworking:Wi-Fi 6E, Bluetooth"
"https://www.pcmag.com/picks/the-best-business-laptops","","#DimensionsHwd:0.6 by 12.4 by 8.8 inches","#DimensionsHwd:0.61 by 12 by 8.4 inches","#DimensionsHwd:0.66 by 14 by 9.8 inches","#DimensionsHwd:1.2 by 14.3 by 10.5 inches","#DimensionsHwd:0.76 by 14.15 by 9.19 inches","#DimensionsHwd:0.55 by 11.59 by 7.86 inches","#DimensionsHwd:0.7 by 11.7 by 9.2 inches","#DimensionsHwd:0.68 by 12.65 by 8.22 inches","#DimensionsHwd:0.67 by 12.6 by 8.5 inches","#DimensionsHwd:0.37 by 11.3 by 8.2 inches","#DimensionsHwd:1.3 by 13.4 by 8.6 inches","#DimensionsHwd:0.65 by 11.6 by 8.7 inches"
"https://www.pcmag.com/picks/the-best-business-laptops","","#Weight:2.48 lbs","#Weight:3 lbs","#Weight:4.8 lbs","#Weight:6.4 lbs","#Weight:3.74 lbs","#Weight:2.78 lbs","#Weight:3.09 lbs","#Weight:2.7 lbs","#Weight:3.31 lbs","#Weight:1.96 lbs","#Weight:4.35 lbs","#Weight:2.8 lbs"
"https://www.pcmag.com/picks/the-best-business-laptops","","#OperatingSystem:Windows 11 Pro","#OperatingSystem:Apple macOS","#OperatingSystem:Apple macOS Ventura","#OperatingSystem:Windows 11 Pro","#OperatingSystem:Windows 10 Pro","#OperatingSystem:Windows 11 Home","#OperatingSystem:Windows 11 Pro","#OperatingSystem:Windows 10","#OperatingSystem:Windows 11 Pro","#OperatingSystem:Windows 11","#OperatingSystem:Windows 11 Pro","#OperatingSystem:Google Chrome OS"
"https://www.pcmag.com/picks/the-best-business-laptops","","#TestedBatteryLifeHoursMinutes:12:18","#TestedBatteryLifeHoursMinutes:21:55","#TestedBatteryLifeHoursMinutes:26:51","#TestedBatteryLifeHoursMinutes:7:44","#TestedBatteryLifeHoursMinutes:14:14","#TestedBatteryLifeHoursMinutes:17:46","#TestedBatteryLifeHoursMinutes:12:07","#TestedBatteryLifeHoursMinutes:17:46","#TestedBatteryLifeHoursMinutes:13:19","#TestedBatteryLifeHoursMinutes:12:34","#TestedBatteryLifeHoursMinutes:14:41","#TestedBatteryLifeHoursMinutes:10:32"
"https://www.pcmag.com/picks/the-best-business-laptops","","#WhereToBuy:$1,579.00;at Amazon;(Opens in a new window);$1,280.95;at Lenovo;(Opens in a new window)","#WhereToBuy:$1,199.00;at Amazon;(Opens in a new window);$1,099.00;at Best Buy;(Opens in a new window)","#WhereToBuy:$2,499.00;at Apple.com;(Opens in a new window)","#WhereToBuy:$1,475.10;at Lenovo;(Opens in a new window)","#WhereToBuy:$1,374.00;at HP;(Opens in a new window);$1,850.00;at Amazon;(Opens in a new window)","#WhereToBuy:$1,034.50;at Lenovo;(Opens in a new window)","#WhereToBuy:$2,379.00;at HP;(Opens in a new window)","#WhereToBuy:$1,359.00;at Dell;(Opens in a new window)","#WhereToBuy:$840.00;at Lenovo;(Opens in a new window)","#WhereToBuy:$849.99;at Amazon;(Opens in a new window);$899.99;at Microsoft Store;(Opens in a new window)","#WhereToBuy:$1,709.00;at Dell;(Opens in a new window)","#WhereToBuy:$1149.00 - Get 20% off with code CHROME20;at HP;(Opens in a new window)"
