"Source Url","Url","Column 4","Column 5","Column 6","Column 7","Column 8","Column 9","Column 10","Column 11","Column 12","Column 13"
"https://www.pcmag.com/picks/the-best-laptops-for-video-editing","https://cc.pcmag.com/v1/otc/01r1WRIAJykbQgN4oGQ8FSi?merchant=053mLh2CqQ87B6COi2cD2og&url=https%3A%2F%2Fwww.hp.com%2Fus-en%2Fshop%2Fpdp%2Fhp-spectre-x360-2-in-1-laptop-14-ef0747nr&template=roundup-page&module=Best_Product_Card&element=roundup-product-card&item=buy-button&position=8&element_label=See+It&u=https%3A%2F%2Fwww.pcmag.com%2Fpicks%2Fthe-best-laptops-for-video-editing&cd2=Roundup&object_type=review&object_uuid=042gs1P3GD5s7BjaZpL5YMm&product_uuid=01sZH7QtNm5bofD0dHtHvQp","#SoldBy:HP","#ListPrice:$1,249.99","#Price:$929.99","See It;(Opens in a new window)","","","","","",""
"https://www.pcmag.com/picks/the-best-laptops-for-video-editing","https://cc.pcmag.com/v1/otc/01r1WRIAJykbQgN4oGQ8FSi?merchant=05kie42h3YvHwjr4G1w80Qq&url=https%3A%2F%2Fwww.amazon.com%2FHP-Pavilion-x360-Touchscreen-i5-1135G7%2Fdp%2FB09MQWT1KR&template=roundup-page&module=Best_Product_Card&element=roundup-product-card&item=buy-button&position=8&element_label=Check+Stock&u=https%3A%2F%2Fwww.pcmag.com%2Fpicks%2Fthe-best-laptops-for-video-editing&cd2=Roundup&object_type=review&object_uuid=042gs1P3GD5s7BjaZpL5YMm&product_uuid=01sZH7QtNm5bofD0dHtHvQp","#SoldBy:Amazon","#ListPrice:$799.99","#Price:$799.99","Check Stock;(Opens in a new window)","","","","","",""
"https://www.pcmag.com/picks/the-best-laptops-for-video-editing","https://cc.pcmag.com/v1/otc/01r1WRIAJykbQgN4oGQ8FSi?merchant=07ceq7iAfFfRlRYt8DCvPYM&url=https%3A%2F%2Fwww.bestbuy.com%2Fsite%2Fhp-spectre-x360-2-in-1-13-4k-oled-touch-screen-laptop-intel-evo-platform-core-i5-8gb-memory-512gb-ssd-32gb-optane-nightfall-black%2F6430667.p%3FskuId%3D6430667&template=roundup-page&module=Best_Product_Card&element=roundup-product-card&item=buy-button&position=8&element_label=Check+Stock&u=https%3A%2F%2Fwww.pcmag.com%2Fpicks%2Fthe-best-laptops-for-video-editing&cd2=Roundup&object_type=review&object_uuid=042gs1P3GD5s7BjaZpL5YMm&product_uuid=01sZH7QtNm5bofD0dHtHvQp","#SoldBy:Best Buy","#ListPrice:$1,329.99","#Price:$997.99","Check Stock;(Opens in a new window)","","","","","",""

"https://www.pcmag.com/picks/the-best-laptops-for-video-editing","","Lenovo Slim 7 Pro X Image;Lenovo Slim 7 Pro X;Check Stock;$1,747.00;at Amazon;(Opens in a new window)","HP Envy 16 Image;HP Envy 16;See It;$1,389.99;at HP;(Opens in a new window)","Dell XPS 15 OLED (9520) Image;Dell XPS 15 OLED (9520);See It;$2,099.00;at Dell;(Opens in a new window)","Apple MacBook Pro 16-Inch (2023, M2 Max) Image;Apple MacBook Pro 16-Inch (2023, M2 Max);See It;$2,499.00;at Apple.com;(Opens in a new window)","MSI CreatorPro X17 Image;MSI CreatorPro X17;See It;$2,799.00;at Amazon;(Opens in a new window)","Dell XPS 17 (9720) Image;Dell XPS 17 (9720);See It;$1,849.00;at Dell;(Opens in a new window)","Asus Vivobook Pro 16X OLED Image;Asus Vivobook Pro 16X OLED;See It;$1,358.99;at Amazon;(Opens in a new window)","HP Spectre x360 14 Image;HP Spectre x360 14;See It;$929.99;at HP;(Opens in a new window)","Microsoft Surface Laptop Studio Image;Microsoft Surface Laptop Studio;See It;$2,253.54;at Amazon;(Opens in a new window)","Asus ZenBook Duo 14 (2021) Image;Asus ZenBook Duo 14 (2021);See It;$1,394.99;at Amazon;(Opens in a new window)"
"https://www.pcmag.com/picks/the-best-laptops-for-video-editing","","#EditorsRating:Editors' Choice;5.0;Editor Review","#EditorsRating:Editors' Choice;4.5;Editor Review","#EditorsRating:Editors' Choice;4.5;Editor Review","#EditorsRating:Editors' Choice;4.5;Editor Review","#EditorsRating:Editors' Choice;4.5;Editor Review","#EditorsRating:Editors' Choice;4.0;Editor Review","#EditorsRating:4.0;Editor Review","#EditorsRating:Editors' Choice;4.5;Editor Review","#EditorsRating:4.0;Editor Review","#EditorsRating:Editors' Choice;4.0;Editor Review"
"https://www.pcmag.com/picks/the-best-laptops-for-video-editing","","#LaptopClass:Business, Workstation","#LaptopClass:Ultraportable","#LaptopClass:Desktop Replacement","#LaptopClass:Desktop Replacement","#LaptopClass:Workstation, Desktop Replacement","#LaptopClass:Desktop Replacement","#LaptopClass:Desktop Replacement","#LaptopClass:Convertible 2-in-1","#LaptopClass:Convertible 2-in-1","#LaptopClass:Ultraportable"
"https://www.pcmag.com/picks/the-best-laptops-for-video-editing","","#Processor:Apple M2 Max","#Processor:AMD Ryzen 9 6900HS","#Processor:Intel Core i7-12700H","#Processor:Intel Core i7-12700H","#Processor:Intel Core i9-12900HX","#Processor:Intel Core i7-12700H","#Processor:AMD Ryzen 9 5900HX","#Processor:Intel Core i7-1165G7","#Processor:Intel Core i7-11370H","#Processor:Intel Core i7-1165G7"
"https://www.pcmag.com/picks/the-best-laptops-for-video-editing","","#ProcessorSpeed:","#ProcessorSpeed:3.3 GHz","#ProcessorSpeed:","#ProcessorSpeed:","#ProcessorSpeed:","#ProcessorSpeed:2.3 GHz","#ProcessorSpeed:3.3 GHz","#ProcessorSpeed:2.8 GHz","#ProcessorSpeed:3.3 GHz","#ProcessorSpeed:2.8 GHz"
"https://www.pcmag.com/picks/the-best-laptops-for-video-editing","","#RamAsTested:96 GB","#RamAsTested:32 GB","#RamAsTested:16 GB","#RamAsTested:16 GB","#RamAsTested:64 GB","#RamAsTested:32 GB","#RamAsTested:32 GB","#RamAsTested:16 GB","#RamAsTested:32 GB","#RamAsTested:8 GB"
"https://www.pcmag.com/picks/the-best-laptops-for-video-editing","","#BootDriveType:SSD","#BootDriveType:SSD","#BootDriveType:SSD","#BootDriveType:SSD","#BootDriveType:SSD","#BootDriveType:SSD","#BootDriveType:SSD","#BootDriveType:SSD","#BootDriveType:SSD","#BootDriveType:SSD"
"https://www.pcmag.com/picks/the-best-laptops-for-video-editing","","#BootDriveCapacityAsTested:4 TB","#BootDriveCapacityAsTested:1 TB","#BootDriveCapacityAsTested:1 TB","#BootDriveCapacityAsTested:512 GB","#BootDriveCapacityAsTested:2 TB","#BootDriveCapacityAsTested:1 TB","#BootDriveCapacityAsTested:1 TB","#BootDriveCapacityAsTested:1 TB","#BootDriveCapacityAsTested:1 TB","#BootDriveCapacityAsTested:512 GB"
"https://www.pcmag.com/picks/the-best-laptops-for-video-editing","","#ScreenSize:16.2 inches","#ScreenSize:14 inches","#ScreenSize:16 inches","#ScreenSize:15.6 inches","#ScreenSize:17.3 inches","#ScreenSize:17 inches","#ScreenSize:16 inches","#ScreenSize:13.5 inches","#ScreenSize:14.4 inches","#ScreenSize:14 inches"
"https://www.pcmag.com/picks/the-best-laptops-for-video-editing","","#NativeDisplayResolution:3456 by 2234","#NativeDisplayResolution:3072 by 1920","#NativeDisplayResolution:3840 by 2400","#NativeDisplayResolution:3456 by 2160","#NativeDisplayResolution:3840 by 2160","#NativeDisplayResolution:3840 by 2400","#NativeDisplayResolution:3840 by 2400","#NativeDisplayResolution:3000 by 2000","#NativeDisplayResolution:2400 by 1600","#NativeDisplayResolution:1,920 by 1,080"
"https://www.pcmag.com/picks/the-best-laptops-for-video-editing","","#TouchScreen:","#TouchScreen:","#TouchScreen:","#TouchScreen:","#TouchScreen:","#TouchScreen:","#TouchScreen:","#TouchScreen:","#TouchScreen:","#TouchScreen:"
"https://www.pcmag.com/picks/the-best-laptops-for-video-editing","","#PanelTechnology:Mini LED","#PanelTechnology:IPS","#PanelTechnology:OLED","#PanelTechnology:OLED","#PanelTechnology:IPS","#PanelTechnology:IPS","#PanelTechnology:OLED","#PanelTechnology:OLED","#PanelTechnology:IPS","#PanelTechnology:IPS"
"https://www.pcmag.com/picks/the-best-laptops-for-video-editing","","#VariableRefreshSupport:ProMotion","#VariableRefreshSupport:None","#VariableRefreshSupport:None","#VariableRefreshSupport:None","#VariableRefreshSupport:None","#VariableRefreshSupport:None","#VariableRefreshSupport:None","#VariableRefreshSupport:None","#VariableRefreshSupport:None","#VariableRefreshSupport:None"
"https://www.pcmag.com/picks/the-best-laptops-for-video-editing","","#ScreenRefreshRate:120 Hz","#ScreenRefreshRate:120 Hz","#ScreenRefreshRate:60 Hz","#ScreenRefreshRate:60 Hz","#ScreenRefreshRate:120 Hz","#ScreenRefreshRate:60 Hz","#ScreenRefreshRate:60 Hz","#ScreenRefreshRate:60 Hz","#ScreenRefreshRate:120 Hz","#ScreenRefreshRate:60 Hz"
"https://www.pcmag.com/picks/the-best-laptops-for-video-editing","","#GraphicsProcessor:Apple M2 Max (38-core)","#GraphicsProcessor:Nvidia GeForce RTX 3050 Laptop GPU","#GraphicsProcessor:Nvidia GeForce RTX 3060","#GraphicsProcessor:Nvidia GeForce RTX 3050 Ti","#GraphicsProcessor:Nvidia RTX A5500","#GraphicsProcessor:Nvidia GeForce RTX 3060 Laptop GPU","#GraphicsProcessor:Nvidia GeForce RTX 3050 Ti Laptop GPU","#GraphicsProcessor:Intel Iris Xe Graphics","#GraphicsProcessor:Nvidia GeForce RTX 3050 Ti Laptop GPU","#GraphicsProcessor:Intel Iris Xe"
"https://www.pcmag.com/picks/the-best-laptops-for-video-editing","","#GraphicsMemory:","#GraphicsMemory:4 GB","#GraphicsMemory:6 GB","#GraphicsMemory:4 GB","#GraphicsMemory:16 GB","#GraphicsMemory:6 GB","#GraphicsMemory:4 GB","#GraphicsMemory:","#GraphicsMemory:4 GB","#GraphicsMemory:"
"https://www.pcmag.com/picks/the-best-laptops-for-video-editing","","#WirelessNetworking:Wi-Fi 6E, Bluetooth 5.3","#WirelessNetworking:802.11ax (Wi-Fi 6), Bluetooth","#WirelessNetworking:Wi-Fi 6E, Bluetooth","#WirelessNetworking:Wi-Fi 6E","#WirelessNetworking:Wi-Fi 6E, Bluetooth 5.2","#WirelessNetworking:Wi-Fi 6E, Bluetooth","#WirelessNetworking:802.11ax (Wi-Fi 6), Bluetooth","#WirelessNetworking:802.11ax (Wi-Fi 6), Bluetooth","#WirelessNetworking:Bluetooth, 802.11ax (Wi-Fi 6)","#WirelessNetworking:802.11ax (Wi-Fi 6), Bluetooth"
"https://www.pcmag.com/picks/the-best-laptops-for-video-editing","","#DimensionsHwd:0.66 by 14 by 9.8 inches","#DimensionsHwd:0.63 by 12.92 by 8.72 inches","#DimensionsHwd:0.78 by 14.1 by 9.9 inches","#DimensionsHwd:0.73 by 13.6 by 9.1 inches","#DimensionsHwd:0.91 by 15.63 by 12.99 inches","#DimensionsHwd:0.77 by 14.74 by 9.76 inches","#DimensionsHwd:0.74 by 14.19 by 10.19 inches","#DimensionsHwd:0.67 by 11.8 by 8.7 inches","#DimensionsHwd:0.75 by 12.72 by 8.98 inches","#DimensionsHwd:0.66 by 12.7 by 8.7 inches"
"https://www.pcmag.com/picks/the-best-laptops-for-video-editing","","#Weight:4.8 lbs","#Weight:3.2 lbs","#Weight:5.12 pounds","#Weight:4.31 lbs","#Weight:6.82 lbs","#Weight:5.34 lbs","#Weight:4.19 lbs","#Weight:2.95 lbs","#Weight:4 lbs","#Weight:3.53 lbs"
"https://www.pcmag.com/picks/the-best-laptops-for-video-editing","","#OperatingSystem:Apple macOS Ventura","#OperatingSystem:Windows 11","#OperatingSystem:Windows 11 Home","#OperatingSystem:Windows 11","#OperatingSystem:Windows 11 Pro","#OperatingSystem:Windows 11","#OperatingSystem:Windows 10","#OperatingSystem:Windows 10 Home","#OperatingSystem:Windows 11","#OperatingSystem:Windows 10"
"https://www.pcmag.com/picks/the-best-laptops-for-video-editing","","#TestedBatteryLifeHoursMinutes:26:51","#TestedBatteryLifeHoursMinutes:11:05","#TestedBatteryLifeHoursMinutes:15:00","#TestedBatteryLifeHoursMinutes:12:47","#TestedBatteryLifeHoursMinutes:6:29","#TestedBatteryLifeHoursMinutes:11:31","#TestedBatteryLifeHoursMinutes:14:33","#TestedBatteryLifeHoursMinutes:12:39","#TestedBatteryLifeHoursMinutes:14:01","#TestedBatteryLifeHoursMinutes:11:34"
"https://www.pcmag.com/picks/the-best-laptops-for-video-editing","","#WhereToBuy:$2,499.00;at Apple.com;(Opens in a new window)","#WhereToBuy:$1,747.00;at Amazon;(Opens in a new window);$1,254.99;at Lenovo;(Opens in a new window)","#WhereToBuy:$1,389.99;at HP;(Opens in a new window)","#WhereToBuy:$2,099.00;at Dell;(Opens in a new window)","#WhereToBuy:$2,799.00;at Amazon;(Opens in a new window);$3,649.99;at Best Buy;(Opens in a new window)","#WhereToBuy:$1,849.00;at Dell;(Opens in a new window)","#WhereToBuy:$1,358.99;at Amazon;(Opens in a new window)","#WhereToBuy:$929.99;at HP;(Opens in a new window);$799.99;at Amazon;(Opens in a new window)","#WhereToBuy:$2,253.54;at Amazon;(Opens in a new window);$1,599.99;at Microsoft Store;(Opens in a new window)","#WhereToBuy:$1,394.99;at Amazon;(Opens in a new window)"
